time,Cin,N1,N2,N3,N4,N5,Ninfty
-1,0,0,0,0,0,0,0
-0.977977977977978,0,0,0,0,0,0,0
-0.955955955955956,0,0,0,0,0,0,0
-0.933933933933934,0,0,0,0,0,0,0
-0.911911911911912,0,0,0,0,0,0,0
-0.88988988988989,0,0,0,0,0,0,0
-0.867867867867868,0,0,0,0,0,0,0
-0.845845845845846,0,0,0,0,0,0,0
-0.823823823823824,0,0,0,0,0,0,0
-0.801801801801802,0,0,0,0,0,0,0
-0.77977977977978,0,0,0,0,0,0,0
-0.757757757757758,0,0,0,0,0,0,0
-0.735735735735736,0,0,0,0,0,0,0
-0.713713713713714,0,0,0,0,0,0,0
-0.691691691691692,0,0,0,0,0,0,0
-0.66966966966967,0,0,0,0,0,0,0
-0.647647647647648,0,0,0,0,0,0,0
-0.625625625625626,0,0,0,0,0,0,0
-0.603603603603604,0,0,0,0,0,0,0
-0.581581581581582,0,0,0,0,0,0,0
-0.559559559559559,0,0,0,0,0,0,0
-0.537537537537538,0,0,0,0,0,0,0
-0.515515515515516,0,0,0,0,0,0,0
-0.493493493493493,0,0,0,0,0,0,0
-0.471471471471472,0,0,0,0,0,0,0
-0.449449449449449,0,0,0,0,0,0,0
-0.427427427427427,0,0,0,0,0,0,0
-0.405405405405405,0,0,0,0,0,0,0
-0.383383383383383,0,0,0,0,0,0,0
-0.361361361361361,0,0,0,0,0,0,0
-0.339339339339339,0,0,0,0,0,0,0
-0.317317317317317,0,0,0,0,0,0,0
-0.295295295295295,0,0,0,0,0,0,0
-0.273273273273273,0,0,0,0,0,0,0
-0.251251251251251,0,0,0,0,0,0,0
-0.229229229229229,0,0,0,0,0,0,0
-0.207207207207207,0,0,0,0,0,0,0
-0.185185185185185,0,0,0,0,0,0,0
-0.163163163163163,0,0,0,0,0,0,0
-0.141141141141141,0,0,0,0,0,0,0
-0.119119119119119,0,0,0,0,0,0,0
-0.0970970970970971,0,0,0,0,0,0,0
-0.075075075075075,0,0,0,0,0,0,0
-0.0530530530530531,0,0,0,0,0,0,0
-0.031031031031031,0,0,0,0,0,0,0
-0.00900900900900903,0,0,0,0,0,0,0
0.0130130130130131,1,0.00549037798435235,6.00679812185975e-05,9.39395944288435e-10,4.12477070362219e-16,4.22870576350666e-64,0
0.035035035035035,1,0.0163808667051527,0.000533400252299769,4.62129598908572e-08,7.70915008395803e-14,4.20214904767296e-60,0
0.057057057057057,1,0.0271520979125491,0.00146050979221165,4.36051862666993e-07,2.48208766195922e-12,6.91291806007075e-57,0
0.0790790790790792,1,0.0378053775492653,0.00282140431562828,2.06097217541616e-06,3.42009312720812e-11,4.52014247003536e-54,0
0.101101101101101,1,0.0483419972571535,0.00459674717001061,6.67525096333513e-06,2.77104176037993e-10,1.57392322594411e-51,0
0.123123123123123,1,0.0587632345337972,0.00676783825937492,1.70805440209154e-05,1.55809638551031e-09,3.39107647116642e-49,0
0.145145145145145,1,0.0690703528874002,0.00931659548802294,3.7234156482922e-05,6.71761221843212e-09,4.95575195900235e-47,0
0.167167167167167,1,0.0792646019899784,0.012225536710633,7.22955136648399e-05,2.36939112394339e-08,5.2276686146988e-45,0
0.189189189189189,1,0.0893472178288747,0.0154777621754575,0.000128622594875076,7.146207679675e-08,4.16358374989331e-43,0
0.211211211211211,1,0.0993194228566146,0.0190569374477087,0.000213728505453435,1.90184709389687e-07,2.59057030754331e-41,0
0.233233233233233,1,0.10918242613912,0.0229472768005446,0.000336206952535501,4.5702003699769e-07,1.2933620077622e-39,0
0.255255255255255,1,0.118937423502303,0.0271335270613859,0.000505634140385488,1.00897064017169e-06,5.29451432109158e-38,0
0.277277277277277,1,0.128585597677049,0.0316009519016088,0.00073245349555242,2.07394278586952e-06,1.80907418997526e-36,0
0.299299299299299,1,0.138128118442616,0.0363353165579622,0.00102784865602664,4.01084097506344e-06,5.23739974209233e-35,0
0.321321321321321,1,0.147566142768466,0.0413228729743571,0.00140360929878949,7.3590755189889e-06,1.30122419834944e-33,0
0.343343343343343,1,0.156900814954536,0.0465503453529619,0.00187199362466922,1.28973503024466e-05,2.80516532126899e-32,0
0.365365365365365,1,0.166133266769979,0.0520049161038245,0.00244559065737334,2.17110628363397e-05,5.2981109157423e-31,0
0.387387387387387,1,0.175264617590383,0.0576742121825137,0.00313718493511565,3.52671268315269e-05,8.84161322859412e-30,0
0.409409409409409,1,0.184295974533489,0.0635462918055437,0.00395962566948584,5.54945518096221e-05,1.31362842623079e-28,0
0.431431431431431,1,0.193228432593422,0.0696096315336056,0.0049257020090595,8.48687113243904e-05,1.74938217183256e-27,0
0.453453453453454,1,0.20206307477345,0.0758531137128857,0.00604802566743542,0.000126496920618366,2.10096755534937e-26,0
0.475475475475476,1,0.210800972217295,0.0822660142650001,0.00733892185033758,0.000184202738048724,2.28813158773886e-25,0
0.497497497497497,1,0.219443184338999,0.0888379908163168,0.00881032913820121,0.000262606307478698,2.27123283231383e-24,0
0.519519519519519,1,0.22799075895137,0.0955590711576733,0.0104737087439286,0.000367198069922919,2.06428172416078e-23,0
0.541541541541541,1,0.236444732393028,0.102419642025728,0.012339963365439,0.000504403285700594,1.72523975137808e-22,0
0.563563563563564,1,0.24480612965405,0.109410438197411,0.0144193656849208,0.000681635012697982,1.33109160404134e-21,0
0.585585585585586,1,0.253075964500244,0.116522531889156,0.0167214964274322,0.000907333468564043,9.5153299691482e-21,0
0.607607607607608,1,0.261255239596062,0.12374732245281,0.0192551917772048,0.00119099004930948,6.32360915351307e-20,0
0.62962962962963,1,0.26934494662617,0.131076526360323,0.0220284998575536,0.00154315466743146,3.91921845323664e-19,0
0.651651651651652,1,0.277346066415676,0.138502167469537,0.0250486459068885,0.00197542549280757,2.27198540664657e-18,0
0.673673673673674,1,0.285259569049055,0.146016567563567,0.0283220057264618,0.00250042061324598,1.23532313050648e-17,0
0.695695695695696,1,0.293086413987765,0.15361233715648,0.0318540869329355,0.00313173156394559,6.31609329810295e-17,0
0.717717717717718,1,0.300827550186572,0.16128236655816,0.0356495175186321,0.00388385909297563,3.04415386600878e-16,0
0.73973973973974,1,0.308483916208607,0.169019817191435,0.039712041202666,0.00477213192184228,1.38621614318759e-15,0
0.761761761761762,1,0.316056440339161,0.176818113154696,0.0440445190454849,0.00581260961689139,5.97698148474445e-15,0
0.783783783783784,1,0.323546040698235,0.184670933023468,0.0486489367962758,0.0070219710013924,2.44516656697259e-14,0
0.805805805805806,1,0.330953625351851,0.192572201884486,0.0535264174459975,0.00841738980439116,9.50938048584702e-14,0
0.827827827827828,1,0.338280092422155,0.200516083596072,0.0586772384673921,0.0100163994574848,3.52217697009974e-13,0
0.84984984984985,1,0.345526330196305,0.20849697326871,0.064100853236263,0.0118367491130361,1.24463707487856e-12,0
0.871871871871872,1,0.352693217234172,0.216509489959912,0.0697959161447431,0.0138962530670889,4.20307122260493e-12,0
0.893893893893894,1,0.359781622474858,0.2245484695776,0.0757603109364854,0.0162126358288629,1.35852642411965e-11,0
0.915915915915916,1,0.366792405342052,0.232608957986395,0.0819911818150608,0.018803375088844,4.20919481402589e-11,0
0.937937937937938,1,0.373726415848226,0.240686204311323,0.0884849668997775,0.0216855448027836,1.25193387814568e-10,0
0.95995995995996,1,0.380584494697696,0.248775654433634,0.0952374336271868,0.0248756605336952,3.5793861381254e-10,0
0.981981981981982,1,0.387367473388552,0.256872944673521,0.102243715721282,0.0283895290830921,9.85024901365113e-10,0
1.004004004004,1,0.394076174313472,0.264973895654688,0.109498351380495,0.0322421043014186,2.61239630142978e-09,0
1.02602602602603,1,0.400711410859428,0.273074506345849,0.11699532235475,0.0364473508012701,6.68501390378796e-09,0
1.04804804804805,1,0.40727398750631,0.281170948274356,0.124728093610777,0.0410181171109231,1.65246818283907e-08,0
1.07007007007007,1,0.413764699924461,0.289259559907285,0.132689653308453,0.0459660196051495,3.95008816651323e-08,0
1.09209209209209,1,0.420184335071146,0.297336841195425,0.140872552834897,0.0513013383402677,9.14069352215837e-08,0
1.11411411411411,1,0.426533671285966,0.305399448275756,0.149268946666321,0.0570329257055695,2.04968685354905e-07,0
1.13613613613614,1,0.432813478385229,0.313444188328075,0.157870631850045,0.063168128587948,4.4581206956979e-07,0
1.15815815815816,1,0.439024517755282,0.321468014581594,0.166669086920624,0.0697127245345965,9.41402977857188e-07,0
1.18018018018018,1,0.445167542444826,0.329468021467401,0.175655510084559,0.0766708721934401,1.93173139640383e-06,0
1.2022022022022,1,0.451243297256219,0.337441439912797,0.184820856527565,0.0840450761154138,3.85512675711791e-06,0
1.22422422422422,1,0.457252518835778,0.345385632773648,0.194155874716858,0.0918361658192386,7.48877557040146e-06,0
1.24624624624625,1,0.463195935763089,0.353298090400941,0.203651141588253,0.100043288849925,1.41712964049549e-05,0
1.26826826826827,1,0.469074268639349,0.361176426337896,0.213297096524212,0.108663917408344,2.61438154501533e-05,0
1.29029029029029,1,0.474888230174731,0.369018373144033,0.223084074044189,0.117693867991926,4.70555970819946e-05,0
1.31231231231231,1,0.480638525274794,0.376821778342702,0.233002335142805,0.127127333366529,8.26890108374482e-05,0
1.33433433433433,1,0.48632585112595,0.384584600488692,0.243042097224494,0.13695692608708,0.000141964353372723,0
1.35635635635636,1,0.491950897279994,0.392304905352599,0.253193562595418,0.147173732699705,0.000238285041048747,0
1.37837837837838,1,0.497514345737709,0.39998086221874,0.26344694548457,0.157767377690432,0.000391274784097071,0
1.4004004004004,1,0.503016871031548,0.407610740293471,0.273792497576178,0.168726096194574,0.000628937418103463,0
1.42242242242242,1,0.508459140307424,0.415192905220861,0.284220532044822,0.1800368144459,0.000990234652226237,0
1.44444444444444,1,0.513841813405594,0.422725815702744,0.294721446093104,0.191685236924648,0.00152802610424999,0
1.46646646646647,1,0.519165542940659,0.430208020220258,0.305285741999275,0.203655939157359,0.00231225088675079,0
1.48848848848849,1,0.524430974380692,0.437638153854058,0.315904046689068,0.215932465128133,0.00343315481535952,0
1.51051051051051,1,0.529638746125496,0.445014935200452,0.326567129852039,0.228497428279149,0.00500428929492111,0
1.53253253253253,1,0.534789489584006,0.452337163380788,0.33726592062809,0.241332615106702,0.0071649372363811,0
1.55455455455455,1,0.539883829250841,0.459603715141508,0.347991522894552,0.254419090396432,0.0100815700694176,0
1.57657657657658,1,0.544922382782023,0.466813542042323,0.358735229188334,0.267737303186532,0.0139479205982229,0
1.5985985985986,1,0.549905761069863,0.473965667730049,0.369488533301141,0.281267192599216,0.0189832801271899,0
1.62062062062062,1,0.554834568317028,0.481059185295711,0.380243141588769,0.294988292737473,0.0254287023000682,0
1.64264264264264,1,0.559709402109795,0.488093254712581,0.390990983037996,0.30887983590491,0.0335409221490422,0
1.66466466466466,1,0.564530853490506,0.49506710035287,0.401724218136609,0.322920853470222,0.0435839716490241,0
1.68668668668669,1,0.569299507029228,0.501980008580874,0.412435246593746,0.33709027376351,0.0558186799484205,0
1.70870870870871,1,0.574015940894629,0.508831325420413,0.42311671395896,0.351367016458329,0.0704904681291029,0
1.73073073073073,1,0.578680726924074,0.515620454294472,0.433761517189298,0.365730082960193,0.0878160609115779,0
1.75275275275275,1,0.583294430692962,0.522346853835009,0.44436280921424,0.38015864238846,0.107969915504192,0
1.77477477477477,1,0.587857611583294,0.529010035760937,0.454914002548636,0.394632112803438,0.131071286863646,0
1.7967967967968,1,0.592370822851496,0.535609562822356,0.465408772003748,0.409130237393568,0.157172890263005,0
1.81881881881882,1,0.596834611695497,0.542145046809156,0.475841056546304,0.423633155398179,0.18625207565823,0
1.84084084084084,1,0.601249519321074,0.548616146622155,0.48620506035502,0.438121467599101,0.2182052933063,0
1.86286286286286,1,0.605616081007472,0.555022566405002,0.496495253123404,0.452576296269084,0.252846416293281,0
1.88488488488488,1,0.609934826172298,0.561364053735108,0.506706369656856,0.466979339516126,0.289909212424093,0
1.90690690690691,1,0.614206278435714,0.567640397871918,0.516833408811173,0.48131292001039,0.329053951777958,0
1.92892892892893,1,0.61843095568392,0.573851428060889,0.526871631818426,0.495560028124129,0.369877827426121,0
1.95095095095095,1,0.622609370131946,0.579997011891575,0.536816560045079,0.509704359554887,0.411928585658368,0
1.97297297297297,1,0.626742028385754,0.586077053708269,0.546663972225871,0.523730347538239,0.454720535254185,0
1.99499499499499,1,0.630829431503659,0.592091493071687,0.556409901215701,0.537623189788362,0.49775195286681,0
2.01701701701702,1,0.634872075057084,0.598040303270234,0.566050630300287,0.551368870332977,0.540522834765402,1
2.03903903903904,1,0.63887044919064,0.603923489879409,0.575582689104939,0.564954176433625,0.582551965811347,1
2.06106106106106,1,0.642825038681555,0.609741089367965,0.585002849139292,0.578366710803121,0.623392377400232,1
2.08308308308308,1,0.64673632299845,0.615493167749478,0.594308119014266,0.591594899349343,0.662644432443144,1
2.10510510510511,1,0.650604776359471,0.621179819277995,0.603495739366049,0.604627994688553,0.699965987337944,1
2.12712712712713,1,0.654430867789785,0.62680116518648,0.612563177520259,0.617456075682337,0.735079315808724,1
2.14914914914915,1,0.658215061178446,0.632357352466835,0.621508121927947,0.630070043260232,0.767774715129592,1
2.17117117117117,1,0.661957815334642,0.637848552690249,0.630328476403519,0.6424616127953,0.797910931734693,1
2.19319319319319,1,0.665659584043316,0.64327496086673,0.639022354193103,0.654623303302658,0.825412724911418,1
2.21521521521522,1,0.669320816120191,0.648636794342644,0.647588071900411,0.666548423731354,0.850266023790881,1
2.23723723723724,1,0.672941955466181,0.653934291735175,0.656024143295574,0.678231056618312,0.872511219346312,1
2.25925925925926,1,0.676523441121215,0.659167711902591,0.664329273031029,0.689666039369508,0.892235169928225,1
2.28128128128128,1,0.680065707317466,0.664337332949288,0.672502350287035,0.700848943428311,0.909562490671958,1
2.3033033033033,1,0.683569183532,0.669443451264567,0.680542442368013,0.711776051584247,0.924646651725481,1
2.32532532532533,1,0.687034294538843,0.674486380594156,0.688448788269536,0.722444333667466,0.937661337335049,1
2.34734734734735,1,0.69046146046049,0.679466451143507,0.696220792234451,0.73285142086517,0.948792427672025,1
2.36936936936937,1,0.693851096818835,0.684384008711913,0.703858017315327,0.742995578886301,0.958230867701833,1
2.39139139139139,1,0.697203614585554,0.689239413856546,0.711360178959172,0.752875680190098,0.966166590929135,1
2.41341341341341,1,0.70051942023193,0.694033041085511,0.71872713862917,0.762491175482888,0.972783577256665,1
2.43543543543544,1,0.70379891577814,0.698765278079042,0.725958897477011,0.771842064675734,0.978256048204784,1
2.45745745745746,1,0.707042498841991,0.703436524938021,0.733055590078284,0.780928867483577,0.982745742087816,1
2.47947947947948,1,0.710250562687134,0.708047193458971,0.740017478242336,0.789752593834326,0.986400167367041,1
2.5015015015015,1,0.713423496270741,0.712597706434752,0.746844944906968,0.798314714244055,0.989351703764583,1
2.52352352352352,1,0.716561684290666,0.717088496980158,0.753538488127369,0.80661713030228,0.991717406211485,1
2.54554554554555,1,0.719665507232086,0.721520007881686,0.76009871516777,0.814662145399151,0.993599364013889,1
2.56756756756757,1,0.722735341413632,0.725892690970732,0.76652633670338,0.822452435814492,0.995085474122486,1
2.58958958958959,1,0.725771559033017,0.730207006519501,0.772822161139366,0.829991022276998,0.996250500421199,1
2.61161161161161,1,0.728774528212159,0.734463422658942,0.778987089052811,0.837281242090559,0.997157308044246,1
2.63363363363363,1,0.731744613041819,0.738662414818037,0.785022107762853,0.844326721913792,0.997858180760243,1
2.65565565565566,1,0.734682173625739,0.742804465183789,0.790928286033466,0.851131351268302,0.998396148720991,1
2.67767767767768,1,0.737587566124305,0.746890062181262,0.79670676891271,0.857699256841209,0.998806272094254,1
2.6996996996997,1,0.74046114279773,0.750919699973081,0.802358772711613,0.864034777637852,0.999116842433961,1
2.72172172172172,1,0.743303252048762,0.754893877977764,0.807885580125277,0.870142441031557,0.99935047760354,1
2.74374374374374,1,0.746114238464924,0.758813100406317,0.813288535498234,0.876026939748821,0.999525097472035,1
2.76576576576577,1,0.748894442860298,0.762677875816527,0.81856904023556,0.881693109820226,0.999654776488088,1
2.78778778778779,1,0.751644202316841,0.766488716684391,0.82372854836078,0.887145909519959,0.99975047579995,1
2.80980980980981,1,0.754363850225256,0.770246138992159,0.828768562221141,0.892390399309826,0.999820662122623,1
2.83183183183183,1,0.757053716325416,0.77395066183246,0.833690628340407,0.897431722797292,0.999871823393194,1
2.85385385385385,1,0.759714126746339,0.777602807028008,0.838496333418959,0.902275088711106,0.99990889274736,1
2.87587587587588,1,0.762345404045731,0.781203098766404,0.843187300480619,0.906925753892773,0.999935592819042,1
2.8978978978979,1,0.764947867249094,0.784752063249553,0.84776518516528,0.911389007297156,0.999954712099785,1
2.91991991991992,1,0.767521831888406,0.788250228357218,0.852231672166146,0.91567015499115,0.999968324339229,1
2.94194194194194,1,0.770067610040376,0.791698123324295,0.856588471810092,0.919774506135371,0.999977960918868,1
2.96396396396396,1,0.772585510364283,0.795096278431335,0.860837316779417,0.923707359930318,0.999984744939874,1
2.98598598598599,1,0.775075838139398,0.798445224707909,0.864979958973026,0.927473993505373,0.999989494542394,1
3.00800800800801,1,0.777538895301996,0.801745493648404,0.869018166504898,0.93107965072631,0.999992801794582,1
3.03003003003003,1,0.779974980481966,0.804997616939838,0.872953720837478,0.934529531894678,0.999995092402529,1
3.05205205205205,1,0.782384389039018,0.808202126201315,0.876788414047499,0.937828784310483,0.999996670523785,1
3.07407407407407,1,0.784767413098491,0.811359552734737,0.88052404622159,0.940982493667936,0.999997752127602,1
3.0960960960961,1,0.787124341586774,0.814470427286409,0.884162422978896,0.94399567625277,0.999998489633865,1
3.11811811811812,1,0.789455460266333,0.817535279819179,0.887705353117826,0.94687327190857,0.999998989972066,1
3.14014014014014,1,0.791761051770363,0.820554639294769,0.891154646383957,0.949620137738821,0.999999327719635,1
3.16216216216216,1,0.794041395637052,0.823529033465956,0.894512111356053,0.952241042510874,0.999999554591679,1
3.18418418418418,1,0.796296768343472,0.826458988678289,0.89777955344707,0.954740661727719,0.999999706247434,1
3.20620620620621,1,0.798527443339105,0.829345029681005,0.900958773016989,0.957123573333404,0.999999807138886,1
3.22822822822823,1,0.80073369107899,0.832187679446865,0.904051563594271,0.959394254018009,0.999999873941777,1
3.25025025025025,1,0.802915779056522,0.834987459000581,0.907059710202706,0.961557076088376,0.999999917967739,1
3.27227227227227,1,0.805073971835876,0.837744887255569,0.909984987790392,0.963616304871196,0.999999946849385,1
3.29429429429429,1,0.80720853108409,0.840460480858737,0.912829159757596,0.965576096615608,0.999999965710213,1
3.31631631631632,1,0.809319715602788,0.843134754043032,0.915593976580245,0.967440496863116,0.999999977971924,1
3.33833833833834,1,0.811407781359556,0.845768218487488,0.91828117452578,0.969213439253407,0.999999985908226,1
3.36036036036036,1,0.813472981518979,0.848361383184517,0.920892474458156,0.970898744735496,0.999999991022532,1
3.38238238238238,1,0.815515566473335,0.850914754314193,0.923429580728779,0.972500121154517,0.999999994304098,1
3.4044044044044,1,0.817535783872955,0.853428835125281,0.925894180150192,0.974021163185513,0.999999996400745,1
3.42642642642643,1,0.819533878656245,0.855904125822796,0.928287941049373,0.975465352586549,0.999999997734705,1
3.44844844844845,1,0.821510093079387,0.858341123461833,0.930612512397542,0.97683605874458,0.999999998579898,1
3.47047047047047,1,0.823464666745709,0.860740321847484,0.932869523013415,0.978136539488594,0.999999999113218,1
3.49249249249249,1,0.825397836634737,0.863102211440597,0.9350605808369,0.979369942145643,0.999999999448384,1
3.51451451451451,1,0.827309837130924,0.865427279269187,0.937187272270279,0.98053930481654,0.99999999965818,1
3.53653653653654,1,0.829200900052072,0.867716008845292,0.939251161583969,0.981647557849111,0.999999999788982,1
3.55855855855856,1,0.831071254677435,0.86996888008708,0.941253790384037,0.982697525488019,0.999999999870216,1
3.58058058058058,1,0.832921127775521,0.872186369246019,0.943196677138668,0.983691927681327,0.999999999920472,1
3.6026026026026,1,0.834750743631582,0.874368948838918,0.945081316760889,0.984633382025034,0.999999999951445,1
3.62462462462462,1,0.836560324074809,0.876517087584677,0.946909180244889,0.985524405827975,0.999999999970462,1
3.64664664664665,1,0.83835008850523,0.878631250345557,0.948681714353358,0.98636741828047,0.999999999982095,1
3.66866866866867,1,0.840120253920306,0.880711898072816,0.950400341353314,0.987164742711236,0.999999999989185,1
3.69069069069069,1,0.841871034941244,0.882759487756539,0.952066458797996,0.987918608918035,0.999999999993491,1
3.71271271271271,1,0.843602643839018,0.884774472379507,0.953681439352425,0.988631155558539,0.999999999996096,1
3.73473473473473,1,0.845315290560104,0.886757300874964,0.955246630660331,0.989304432588883,0.999999999997666,1
3.75675675675676,1,0.847009182751938,0.888708418088112,0.956763355250221,0.989940403738236,0.99999999999861,1
3.77877877877878,1,0.848684525788086,0.890628264741218,0.958232910478399,0.99054094900867,0.999999999999175,1
3.8008008008008,1,0.85034152279315,0.89251727740217,0.959656568506869,0.991107867190432,0.999999999999512,1
3.82282282282282,1,0.851980374667393,0.894375888456363,0.961035576314073,0.991642878383528,0.999999999999713,1
3.84484484484484,1,0.853601280111098,0.896204526081781,0.962371155736508,0.992147626517339,0.999999999999831,1
3.86686686686687,1,0.855204435648657,0.898003614227151,0.963664503539355,0.992623681860696,0.999999999999902,1
3.88888888888889,1,0.8567900356524,0.899773572593037,0.964916791514274,0.993072543515571,0.999999999999943,1
3.91091091091091,1,0.858358272366161,0.901514816615773,0.966129166602621,0.993495641888193,0.999999999999967,1
3.93293293293293,1,0.859909335928587,0.903227757454104,0.967302751042412,0.993894341132032,0.999999999999981,1
3.95495495495495,1,0.861443414396191,0.90491280197844,0.96843864253739,0.994269941557693,0.999999999999989,1
3.97697697697698,1,0.862960693766151,0.906570352762598,0.969537914446656,0.994623682005312,0.999999999999994,1
3.998998998999,1,0.864461357998862,0.908200808077947,0.970601615993365,0.994956742175586,0.999999999999997,1
4.02102102102102,1,0.865945589040242,0.90980456188984,0.971630772491043,0.995270244916029,0.999999999999999,1
4.04304304304304,1,0.867413566843786,0.911382003856248,0.972626385586171,0.995565258459562,0.999999999999999,1
4.06506506506507,1,0.868865469392394,0.912933519328492,0.973589433515707,0.995842798612901,1,1
4.08708708708709,1,0.870301472719938,0.914459489353986,0.974520871378298,0.99610383089267,1,1
4.10910910910911,1,0.871721750932617,0.915960290680911,0.975421631417976,0.996349272607481,1,1
4.13113113113113,1,0.873126476230056,0.91743629576472,0.976292623319209,0.996579994884612,1,1
4.15315315315315,1,0.874515818926192,0.918887872776398,0.97713473451219,0.996796824640186,1,1
4.17517517517518,1,0.87588994746992,0.92031538561241,0.97794883048735,0.997000546492073,1,1
4.1971971971972,1,0.877249028465514,0.921719193906234,0.978735755118085,0.997191904614979,1,1
4.21921921921922,1,0.878593226692831,0.923099653041427,0.979496330990773,0.997371604537449,1,1
4.24124124124124,1,0.879922705127289,0.924457114166147,0.980231359741182,0.997540314880711,1,1
4.26326326326326,1,0.881237624959623,0.925791924209052,0.980941622396412,0.997698669039502,1,1
4.28528528528529,1,0.882538145615433,0.927104425896521,0.981627879721592,0.997847266805183,1,1
4.30730730730731,1,0.883824424774509,0.928394957771121,0.982290872570542,0.997986675931632,1,1
4.32932932932933,1,0.885096618389952,0.929663854211272,0.982931322239712,0.99811743364452,1,1
4.35135135135135,1,0.886354880707083,0.930911445452028,0.983549930824699,0.998240048094736,1,1
4.37337337337337,1,0.887599364282139,0.932138057606943,0.984147381578713,0.998354999756803,1,1
4.3953953953954,1,0.888830220000775,0.933344012690935,0.98472433927238,0.998462742773272,1,1
4.41741741741742,1,0.890047597096354,0.934529628644125,0.985281450554333,0.998563706246115,1,1
4.43943943943944,1,0.891251643168046,0.935695219356565,0.98581934431204,0.99865829547626,1,1
4.46146146146146,1,0.892442504198715,0.936841094693837,0.98633863203238,0.998746893152443,1,1
4.48348348348348,1,0.893620324572627,0.937967560523449,0.986839908161505,0.998829860490617,1,1
4.50550550550551,1,0.89478524709295,0.939074918741995,0.987323750463534,0.9989075383252,1,1
4.52752752752753,1,0.895937412999071,0.940163467303027,0.987790720377696,0.998980248153469,1,1
4.54954954954955,1,0.89707696198372,0.941233500245594,0.988241363373524,0.999048293134462,1,1
4.57157157157157,1,0.898204032209903,0.942285307723417,0.988676209303752,0.999111959043713,1,1
4.59359359359359,1,0.89931876032766,0.943319176034637,0.989095772754598,0.999171515185236,1,1
4.61561561561562,1,0.900421281490629,0.944335387652127,0.989500553393117,0.999227215262096,1,1
4.63763763763764,1,0.90151172937243,0.945334221254294,0.989891036311359,0.999279298206972,1,1
4.65965965965966,1,0.902590236182879,0.946315951756371,0.990267692367064,0.999327988974077,1,1
4.68168168168168,1,0.903656932684011,0.947280850342132,0.990630978520667,0.999373499293803,1,1
4.7037037037037,1,0.904711948205938,0.948229184496027,0.990981338168399,0.999416028391441,1,1
4.72572572572573,1,0.905755410662527,0.949161218035665,0.991319201471283,0.999455763671319,1,1
4.74774774774775,1,0.906787446566912,0.950077211144662,0.991644985679852,0.999492881367674,1,1
4.76976976976977,1,0.907808181046828,0.950977420405777,0.991959095454431,0.999527547163548,1,1
4.79179179179179,1,0.908817737859788,0.95186209883434,0.99226192318084,0.999559916778985,1,1
4.81381381381381,1,0.909816239408081,0.952731495911933,0.992553849281386,0.99959013652978,1,1
4.83583583583584,1,0.910803806753619,0.953585857620283,0.992835242521037,0.999618343857978,1,1
4.85785785785786,1,0.91178055963261,0.954425426475375,0.993106460308685,0.999644667835335,1,1
4.87987987987988,1,0.912746616470078,0.95525044156172,0.9933678489934,0.999669229640878,1,1
4.9019019019019,1,0.913702094394222,0.956061138566792,0.99361974415561,0.999692143013697,1,1
4.92392392392392,1,0.914647109250613,0.956857749815573,0.99386247089316,0.999713514682063,1,1
4.94594594594595,1,0.915581775616243,0.957640504305228,0.994096344102168,0.999733444769928,1,1
4.96796796796797,1,0.916506206813417,0.958409627739843,0.994321668752681,0.99975202718184,1,1
4.98998998998999,1,0.917420514923491,0.959165342565242,0.994538740159063,0.999769349967258,1,1
5.01201201201201,1,0.918324810800461,0.959907868003848,0.994747844245131,0.999785495665227,1,1
5.03403403403403,1,0.919219204084403,0.960637420089563,0.994949257803996,0.999800541630351,1,1
5.05605605605606,1,0.920103803214769,0.961354211702668,0.995143248752634,0.999814560340941,1,1
5.07807807807808,1,0.920978715443533,0.962058452604711,0.995330076381177,0.99982761969021,1,1
5.1001001001001,1,0.921844046848191,0.962750349473369,0.995509991596934,0.999839783261337,1,1
5.12212212212212,1,0.92269990234463,0.963430105937273,0.995683237163178,0.999851110587196,1,1
5.14414414414414,1,0.92354638569984,0.964097922610785,0.9958500479327,0.999861657395513,1,1
5.16616616616617,1,0.924383599544501,0.964753997128692,0.996010651076186,0.999871475840192,1,1
5.18818818818819,1,0.925211645385424,0.965398524180836,0.996165266305427,0.999880614719501,1,1
5.21021021021021,1,0.926030623617859,0.966031695546634,0.996314106091433,0.999889119681797,1,1
5.23223223223223,1,0.926840633537664,0.966653700129503,0.996457375877463,0.999897033419441,1,1
5.25425425425425,1,0.927641773353349,0.967264723991156,0.996595274287048,0.999904395851505,1,1
5.27627627627628,1,0.928434140197981,0.967864950385778,0.996727993327046,0.999911244295872,1,1
5.2982982982983,1,0.929217830140959,0.968454559794054,0.996855718585791,0.999917613631293,1,1
5.32032032032032,1,0.929992938199664,0.969033729957053,0.996978629426394,0.999923536449922,1,1
5.34234234234234,1,0.930759558350978,0.969602635909943,0.997096899175255,0.999929043200863,1,1
5.36436436436436,1,0.931517783542679,0.970161450015546,0.99721069530586,0.999934162325204,1,1
5.38638638638639,1,0.932267705704711,0.970710341997711,0.997320179617925,0.999938920383003,1,1
5.40840840840841,1,0.933009415760328,0.9712494789745,0.997425508411951,0.999943342172673,1,1
5.43043043043043,1,0.933743003637118,0.97177902549118,0.99752683265928,0.999947450843193,1,1
5.45245245245245,1,0.934468558277909,0.972299143553022,0.997624298167698,0.999951267999528,1,1
5.47447447447447,1,0.935186167651547,0.972809992657879,0.997718045742682,0.99995481380166,1,1
5.4964964964965,1,0.93589591876357,0.973311729828558,0.997808211344355,0.999958107057572,1,1
5.51851851851852,1,0.936597897666748,0.97380450964497,0.997894926240234,0.99996116531055,1,1
5.54054054054054,1,0.937292189471523,0.974288484276056,0.997978317153827,0.999964004921101,1,1
5.56256256256256,1,0.937978878356325,0.974763803511472,0.998058506409193,0.999966641143827,1,1
5.58458458458458,1,0.938658047577778,0.975230614793052,0.998135612071504,0.999969088199522,1,1
5.60660660660661,1,0.939329779480795,0.975689063246015,0.998209748083714,0.999971359342786,1,1
5.62862862862863,1,0.939994155508564,0.976139291709935,0.998281024399407,0.999973466925404,1,1
5.65065065065065,1,0.940651256212418,0.97658144076946,0.998349547111893,0.999975422455761,1,1
5.67267267267267,1,0.941301161261605,0.977015648784773,0.998415418579647,0.999977236654502,1,1
5.69469469469469,1,0.941943949452944,0.977442051921801,0.998478737548156,0.999978919506677,1,1
5.71671671671672,1,0.942579698720382,0.977860784182158,0.998539599268259,0.999980480310579,1,1
5.73873873873874,1,0.943208486144443,0.978271977432833,0.998598095611053,0.999981927723464,1,1
5.76076076076076,1,0.943830387961569,0.978675761435598,0.998654315179448,0.999983269804356,1,1
5.78278278278278,1,0.944445479573369,0.979072263876163,0.998708343416448,0.999984514054102,1,1
5.8048048048048,1,0.945053835555757,0.97946161039305,0.998760262710222,0.999985667452848,1,1
5.82682682682683,1,0.945655529667996,0.979843924606195,0.998810152496059,0.999986736495091,1,1
5.84884884884885,1,0.946250634861638,0.980219328145278,0.998858089355264,0.999987727222469,1,1
5.87087087087087,1,0.946839223289373,0.980587940677776,0.998904147111084,0.999988645254408,1,1
5.89289289289289,1,0.947421366313774,0.980949879936736,0.998948396921726,0.999989495816774,1,1
5.91491491491491,1,0.94799713451595,0.981305261748272,0.998990907370543,0.999990283768651,1,1
5.93693693693694,1,0.948566597704104,0.98165420005878,0.999031744553462,0.999991013627359,1,1
5.95895895895896,1,0.949129824921997,0.98199680696187,0.999070972163717,0.999991689591823,1,1
5.98098098098098,1,0.949686884457318,0.982333192725026,0.999108651573965,0.999992315564399,1,1
6.003003003003,1,0.950237843849964,0.982663465815968,0.999144841915845,0.999992895171259,1,1
6.02502502502503,1,0.950782769900228,0.982987732928746,0.999179600157053,0.999993431781407,1,1
6.04704704704705,1,0.951321728676901,0.983306099009547,0.999212981175991,0.999993928524448,1,1
6.06906906906907,1,0.951854785525278,0.983618667282213,0.99924503783407,0.999994388307148,1,1
6.09109109109109,1,0.952382005075084,0.983925539273487,0.999275821045707,0.999994813828899,1,1
6.11311311311311,1,0.952903451248311,0.984226814837969,0.999305379846106,0.999995207596139,1,1
6.13513513513514,1,0.953419187266962,0.984522592182789,0.999333761456857,0.999995571935796,1,1
6.15715715715716,1,0.953929275660724,0.984812967892007,0.999361011349438,0.999995909007831,1,1
6.17917917917918,1,0.954433778274544,0.985098036950722,0.999387173306655,0.999996220816925,1,1
6.2012012012012,1,0.954932756276129,0.985377892768909,0.999412289482102,0.99999650922337,1,1
6.22322322322322,1,0.955426270163363,0.985652627204967,0.999436400457678,0.999996775953231,1,1
6.24524524524525,1,0.95591437977164,0.985922330588997,0.99945954529922,0.999997022607792,1,1
6.26726726726727,1,0.956397144281121,0.9861870917458,0.999481761610321,0.999997250672376,1,1
6.28928928928929,1,0.956874622223908,0.986446998017594,0.999503085584364,0.999997461524546,1,1
6.31131131131131,1,0.957346871491138,0.986702135286458,0.99952355205484,0.999997656441749,1,1
6.33333333333333,1,0.957813949340009,0.986952587996505,0.999543194543992,0.999997836608427,1,1
6.35535535535536,1,0.958275912400715,0.987198439175779,0.99956204530984,0.999998003122639,1,1
6.37737737737738,1,0.958732816683315,0.987439770457875,0.999580135391631,0.999998157002225,1,1
6.3993993993994,1,0.959184717584524,0.987676662103301,0.99959749465376,0.999998299190538,1,1
6.42142142142142,1,0.959631669894428,0.987909193020561,0.999614151828219,0.99999843056178,1,1
6.44344344344344,1,0.96007372780313,0.988137440786974,0.999630134555599,0.999998551925966,1,1
6.46546546546547,1,0.960510944907317,0.988361481669227,0.999645469424711,0.999998664033534,1,1
6.48748748748749,1,0.960943374216759,0.988581390643667,0.999660182010851,0.999998767579643,1,1
6.50950950950951,1,0.961371068160738,0.988797241416329,0.999674296912763,0.999998863208155,1,1
6.53153153153153,1,0.961794078594402,0.9890091064427,0.999687837788327,0.999998951515351,1,1
6.55355355355355,1,0.962212456805055,0.989217056947231,0.999700827389031,0.999999033053371,1,1
6.57557557557558,1,0.962626253518371,0.989421162942591,0.99971328759324,0.999999108333425,1,1
6.5975975975976,1,0.963035518904549,0.989621493248658,0.999725239438331,0.999999177828759,1,1
6.61961961961962,1,0.963440302584394,0.989818115511274,0.999736703151693,0.999999241977427,1,1
6.64164164164164,1,0.96384065363533,0.990011096220729,0.999747698180665,0.999999301184857,1,1
6.66366366366366,1,0.964236620597357,0.990200500730016,0.999758243221416,0.999999355826231,1,1
6.68568568568569,1,0.964628251478929,0.990386393272823,0.999768356246822,0.999999406248706,1,1
6.70770770770771,1,0.965015593762781,0.990568836981292,0.999778054533358,0.999999452773464,1,1
6.72972972972973,1,0.96539869441168,0.990747893903531,0.999787354687046,0.999999495697621,1,1
6.75175175175175,1,0.965777599874123,0.990923625020881,0.999796272668486,0.999999535296,1,1
6.77377377377377,1,0.96615235608997,0.991096090264957,0.999804823816998,0.999999571822771,1,1
6.7957957957958,1,0.966523008496008,0.991265348534441,0.999813022873912,0.999999605512979,1,1
6.81781781781782,1,0.966889602031465,0.991431457711647,0.999820884005019,0.999999636583954,1,1
6.83983983983984,1,0.967252181143456,0.991594474678856,0.999828420822233,0.999999665236625,1,1
6.86186186186186,1,0.967610789792375,0.991754455334414,0.999835646404464,0.999999691656739,1,1
6.88388388388388,1,0.967965471457221,0.991911454608615,0.999842573317754,0.999999716015983,1,1
6.90590590590591,1,0.968316269140872,0.992065526479347,0.999849213634679,0.999999738473038,1,1
6.92792792792793,1,0.968663225375297,0.992216723987524,0.999855578953056,0.999999759174541,1,1
6.94994994994995,1,0.969006382226716,0.992365099252293,0.999861680413974,0.999999778255988,1,1
6.97197197197197,1,0.969345781300696,0.992510703486025,0.999867528719167,0.999999795842565,1,1
6.99399399399399,1,0.9696814637472,0.992653587009091,0.99987313414776,0.999999812049922,1,1
7.01601601601602,1,0.970013470265571,0.992793799264421,0.999878506572402,0.999999826984885,1,1
7.03803803803804,1,0.970341841109472,0.992931388831857,0.999883655474813,0.999999840746122,1,1
7.06006006006006,1,0.970666616091762,0.993066403442293,0.999888589960759,0.999999853424753,1,1
7.08208208208208,1,0.970987834589324,0.993198889991609,0.999893318774481,0.99999986510492,1,1
7.1041041041041,1,0.971305535547844,0.993328894554404,0.999897850312588,0.999999875864315,1,1
7.12612612612613,1,0.971619757486524,0.993456462397523,0.999902192637446,0.999999885774663,1,1
7.14814814814815,1,0.97193053850276,0.993581637993386,0.999906353490065,0.999999894902177,1,1
7.17017017017017,1,0.972237916276757,0.99370446503312,0.999910340302516,0.999999903307973,1,1
7.19219219219219,1,0.972541928076102,0.993824986439494,0.99991416020988,0.999999911048458,1,1
7.21421421421421,1,0.972842610760273,0.993943244379664,0.99991782006176,0.999999918175687,1,1
7.23623623623624,1,0.97314000078512,0.994059280277727,0.999921326433361,0.999999924737695,1,1
7.25825825825826,1,0.973434134207276,0.994173134827082,0.999924685636156,0.9999999307788,1,1
7.28028028028028,1,0.973725046688532,0.994284848002609,0.999927903728156,0.99999993633989,1,1
7.3023023023023,1,0.974012773500162,0.994394459072669,0.99993098652379,0.999999941458682,1,1
7.32432432432432,1,0.974297349527197,0.994502006610908,0.99993393960342,0.999999946169969,1,1
7.34634634634635,1,0.974578809272656,0.994607528507898,0.999936768322496,0.999999950505836,1,1
7.36836836836837,1,0.974857186861728,0.99471106198259,0.999939477820365,0.999999954495876,1,1
7.39039039039039,1,0.975132516045911,0.994812643593595,0.999942073028745,0.999999958167374,1,1
7.41241241241241,1,0.975404830207103,0.994912309250293,0.999944558679885,0.999999961545492,1,1
7.43443443443443,1,0.97567416236165,0.995010094223773,0.999946939314412,0.999999964653423,1,1
7.45645645645646,1,0.97594054516435,0.995106033157599,0.999949219288878,0.999999967512552,1,1
7.47847847847848,1,0.976204010912409,0.995200160078414,0.999951402783022,0.999999970142589,1,1
7.5005005005005,1,0.97646459154936,0.995292508406382,0.999953493806758,0.999999972561701,1,1
7.52252252252252,1,0.976722318668935,0.995383110965458,0.999955496206891,0.999999974786629,1,1
7.54454454454454,1,0.976977223518893,0.995471999993514,0.99995741367358,0.999999976832805,1,1
7.56656656656657,1,0.977229337004815,0.995559207152289,0.999959249746549,0.999999978714442,1,1
7.58858858858859,1,0.977478689693843,0.995644763537199,0.999961007821068,0.99999998044464,1,1
7.61061061061061,1,0.977725311818393,0.995728699686983,0.999962691153694,0.999999982035467,1,1
7.63263263263263,1,0.977969233279816,0.995811045593201,0.999964302867798,0.999999983498038,1,1
7.65465465465465,1,0.978210483652025,0.995891830709584,0.999965845958876,0.999999984842592,1,1
7.67667667667668,1,0.978449092185081,0.995971083961233,0.999967323299656,0.99999998607856,1,1
7.6986986986987,1,0.978685087808739,0.996048833753673,0.999968737645003,0.999999987214627,1,1
7.72072072072072,1,0.978918499135955,0.996125107981767,0.999970091636644,0.999999988258791,1,1
7.74274274274274,1,0.979149354466356,0.996199934038484,0.999971387807697,0.999999989218415,1,1
7.76476476476476,1,0.979377681789671,0.996273338823527,0.999972628587033,0.99999999010028,1,1
7.78678678678679,1,0.979603508789123,0.99634534875183,0.999973816303464,0.999999990910628,1,1
7.80880880880881,1,0.979826862844789,0.996415989761907,0.99997495318977,0.999999991655205,1,1
7.83083083083083,1,0.980047771036916,0.99648528732408,0.999976041386567,0.9999999923393,1,1
7.85285285285285,1,0.980266260149205,0.996553266448568,0.999977082946021,0.999999992967781,1,1
7.87487487487487,1,0.980482356672061,0.996619951693442,0.999978079835425,0.999999993545128,1,1
7.8968968968969,1,0.980696086805802,0.996685367172462,0.999979033940625,0.999999994075464,1,1
7.91891891891892,1,0.980907476463835,0.996749536562777,0.999979947069321,0.999999994562583,1,1
7.94094094094094,1,0.981116551275802,0.996812483112508,0.999980820954229,0.999999995009976,1,1
7.96296296296296,1,0.981323336590683,0.996874229648204,0.999981657256128,0.999999995420853,1,1
7.98498498498498,1,0.981527857479872,0.996934798582173,0.999982457566777,0.999999995798169,1,1
8.00700700700701,1,0.981730138740215,0.996994211919704,0.999983223411723,0.999999996144641,1,1
8.02902902902903,1,0.981930204897018,0.997052491266163,0.999983956252999,0.999999996462769,1,1
8.05105105105105,1,0.982128080207019,0.997109657833971,0.999984657491707,0.999999996754853,1,1
8.07307307307307,1,0.982323788661333,0.997165732449477,0.99998532847051,0.999999997023005,1,1
8.0950950950951,1,0.982517353988353,0.997220735559709,0.999985970476012,0.99999999726917,1,1
8.11711711711712,1,0.982708799656635,0.99727468723902,0.999986584741056,0.999999997495137,1,1
8.13913913913914,1,0.982898148877739,0.997327607195619,0.99998717244692,0.999999997702548,1,1
8.16116116116116,1,0.983085424609043,0.997379514778002,0.999987734725435,0.999999997892914,1,1
8.18318318318318,1,0.983270649556529,0.997430428981267,0.999988272661005,0.999999998067626,1,1
8.20520520520521,1,0.983453846177535,0.997480368453333,0.999988787292563,0.999999998227959,1,1
8.22722722722723,1,0.983635036683476,0.997529351501051,0.999989279615436,0.999999998375088,1,1
8.24924924924925,1,0.983814243042539,0.997577396096215,0.999989750583137,0.999999998510091,1,1
8.27127127127127,1,0.983991486982347,0.997624519881472,0.999990201109091,0.999999998633959,1,1
8.29329329329329,1,0.98416678999259,0.997670740176135,0.999990632068287,0.999999998747605,1,1
8.31531531531532,1,0.984340173327636,0.997716073981899,0.999991044298862,0.999999998851864,1,1
8.33733733733734,1,0.984511658009101,0.997760537988459,0.999991438603628,0.999999998947505,1,1
8.35935935935936,1,0.984681264828403,0.997804148579035,0.999991815751528,0.999999999035237,1,1
8.38138138138138,1,0.984849014349283,0.997846921835807,0.999992176479039,0.999999999115708,1,1
8.4034034034034,1,0.985014926910293,0.997888873545256,0.999992521491521,0.999999999189513,1,1
8.42542542542543,1,0.985179022627269,0.997930019203413,0.999992851464502,0.999999999257202,1,1
8.44744744744745,1,0.985341321395763,0.997970374021026,0.999993167044921,0.999999999319277,1,1
8.46946946946947,1,0.985501842893461,0.998009952928634,0.999993468852313,0.9999999993762,1,1
8.49149149149149,1,0.985660606582566,0.998048770581556,0.999993757479952,0.999999999428395,1,1
8.51351351351351,1,0.985817631712156,0.9980868413648,0.99999403349594,0.999999999476253,1,1
8.53553553553554,1,0.985972937320522,0.998124179397883,0.999994297444259,0.999999999520132,1,1
8.55755755755756,1,0.986126542237473,0.998160798539575,0.999994549845779,0.999999999560358,1,1
8.57957957957958,1,0.986278465086621,0.998196712392553,0.999994791199215,0.999999999597236,1,1
8.6016016016016,1,0.986428724287636,0.998231934307989,0.999995021982064,0.99999999963104,1,1
8.62362362362362,1,0.986577338058484,0.99826647739005,0.999995242651482,0.999999999662026,1,1
8.64564564564565,1,0.986724324417632,0.998300354500323,0.999995453645143,0.999999999690426,1,1
8.66766766766767,1,0.986869701186232,0.998333578262165,0.99999565538205,0.999999999716456,1,1
8.68968968968969,1,0.987013485990287,0.998366161064984,0.999995848263322,0.999999999740311,1,1
8.71171171171171,1,0.987155696262782,0.998398115068436,0.999996032672941,0.999999999762172,1,1
8.73373373373373,1,0.9872963492458,0.998429452206556,0.999996208978478,0.999999999782204,1,1
8.75575575575576,1,0.987435461992614,0.998460184191824,0.999996377531773,0.99999999980056,1,1
8.77777777777778,1,0.987573051369752,0.998490322519146,0.999996538669608,0.999999999817379,1,1
8.7997997997998,1,0.987709134059045,0.998519878469782,0.999996692714334,0.999999999832787,1,1
8.82182182182182,1,0.987843726559646,0.998548863115196,0.999996839974481,0.999999999846904,1,1
8.84384384384384,1,0.987976845190033,0.998577287320847,0.999996980745343,0.999999999859837,1,1
8.86586586586587,1,0.988108506089986,0.998605161749904,0.999997115309533,0.999999999871683,1,1
8.88788788788789,1,0.988238725222545,0.998632496866909,0.999997243937524,0.999999999882535,1,1
8.90990990990991,1,0.988367518375945,0.998659302941371,0.999997366888158,0.999999999892474,1,1
8.93193193193193,1,0.98849490116553,0.998685590051293,0.999997484409142,0.999999999901577,1,1
8.95395395395395,1,0.988620889035647,0.998711368086646,0.999997596737515,0.999999999909915,1,1
8.97597597597598,1,0.988745497261517,0.998736646752778,0.999997704100105,0.99999999991755,1,1
8.997997997998,1,0.988868740951088,0.998761435573765,0.999997806713961,0.999999999924541,1,1
9.02002002002002,1,0.988990635046869,0.998785743895701,0.999997904786766,0.999999999930944,1,1
9.04204204204204,1,0.989111194327735,0.998809580889938,0.999997998517236,0.999999999936806,1,1
9.06406406406406,1,0.989230433410728,0.998832955556257,0.999998088095506,0.999999999942173,1,1
9.08608608608609,1,0.989348366752822,0.998855876725997,0.999998173703486,0.999999999947087,1,1
9.10810810810811,1,0.989465008652677,0.99887835306512,0.99999825551522,0.999999999951586,1,1
9.13013013013013,1,0.989580373252377,0.998900393077228,0.999998333697218,0.999999999955705,1,1
9.15215215215215,1,0.98969447453914,0.998922005106521,0.999998408408776,0.999999999959475,1,1
9.17417417417417,1,0.989807326347015,0.998943197340709,0.999998479802286,0.999999999962925,1,1
9.1961961961962,1,0.98991894235856,0.99896397781387,0.999998548023529,0.999999999966084,1,1
9.21821821821822,1,0.990029336106501,0.998984354409257,0.999998613211963,0.999999999968975,1,1
9.24024024024024,1,0.990138520975373,0.99900433486206,0.999998675500986,0.999999999971621,1,1
9.26226226226226,1,0.990246510203139,0.999023926762111,0.999998735018199,0.999999999974042,1,1
9.28428428428428,1,0.990353316882803,0.999043137556552,0.999998791885656,0.999999999976258,1,1
9.30630630630631,1,0.990458953963989,0.999061974552444,0.999998846220101,0.999999999978285,1,1
9.32832832832833,1,0.990563434254516,0.999080444919342,0.999998898133194,0.999999999980141,1,1
9.35035035035035,1,0.990666770421949,0.999098555691815,0.99999894773173,0.999999999981838,1,1
9.37237237237237,1,0.990768974995135,0.999116313771928,0.999998995117851,0.999999999983391,1,1
9.39439439439439,1,0.990870060365726,0.99913372593167,0.999999040389241,0.999999999984812,1,1
9.41641641641642,1,0.990970038789672,0.999150798815355,0.999999083639323,0.999999999986112,1,1
9.43843843843844,1,0.991068922388718,0.999167538941965,0.999999124957439,0.999999999987301,1,1
9.46046046046046,1,0.991166723151865,0.999183952707459,0.999999164429027,0.999999999988389,1,1
9.48248248248248,1,0.991263452936829,0.99920004638704,0.99999920213579,0.999999999989384,1,1
9.5045045045045,1,0.991359123471476,0.999215826137382,0.999999238155857,0.999999999990294,1,1
9.52652652652653,1,0.991453746355246,0.999231297998813,0.999999272563935,0.999999999991126,1,1
9.54854854854855,1,0.991547333060556,0.999246467897465,0.99999930543146,0.999999999991887,1,1
9.57057057057057,1,0.991639894934194,0.999261341647384,0.999999336826739,0.999999999992583,1,1
9.59259259259259,1,0.991731443198693,0.999275924952598,0.99999936681508,0.99999999999322,1,1
9.61461461461461,1,0.991821988953695,0.999290223409154,0.999999395458929,0.999999999993802,1,1
9.63663663663664,1,0.991911543177291,0.999304242507114,0.999999422817988,0.999999999994335,1,1
9.65865865865866,1,0.992000116727357,0.999317987632519,0.999999448949338,0.999999999994821,1,1
9.68068068068068,1,0.992087720342867,0.999331464069315,0.99999947390755,0.999999999995266,1,1
9.7027027027027,1,0.992174364645199,0.999344677001244,0.999999497744797,0.999999999995673,1,1
9.72472472472472,1,0.992260060139418,0.999357631513703,0.999999520510955,0.999999999996045,1,1
9.74674674674675,1,0.992344817215554,0.999370332595572,0.999999542253705,0.999999999996385,1,1
9.76876876876877,1,0.992428646149859,0.999382785140998,0.999999563018625,0.999999999996696,1,1
9.79079079079079,1,0.992511557106054,0.999394993951165,0.999999582849289,0.99999999999698,1,1
9.81281281281281,1,0.99259356013656,0.999406963736016,0.999999601787345,0.99999999999724,1,1
9.83483483483483,1,0.99267466518372,0.999418699115947,0.999999619872606,0.999999999997477,1,1
9.85685685685686,1,0.992754882080999,0.999430204623482,0.999999637143127,0.999999999997694,1,1
9.87887887887888,1,0.992834220554184,0.9994414847049,0.999999653635281,0.999999999997892,1,1
9.9009009009009,1,0.992912690222554,0.99945254372185,0.999999669383835,0.999999999998073,1,1
9.92292292292292,1,0.992990300600054,0.999463385952919,0.999999684422018,0.999999999998239,1,1
9.94494494494494,1,0.993067061096444,0.999474015595191,0.999999698781589,0.99999999999839,1,1
9.96696696696697,1,0.993142981018444,0.99948443676576,0.999999712492901,0.999999999998529,1,1
9.98898898898899,1,0.993218069570856,0.999494653503226,0.999999725584964,0.999999999998655,1,1
